Title,Author,Votes,Answers
"Why are the CNAME and CVALUE the same for a newly created SSL certificate in AWS ACM after the previous one, with same domain, expired?","Dhruv Tailor


2,761


asked 36 secs ago",0,"0
votes"
My Kivy app doesn't start when I try to launch it in VS Code in debug mode,"R. Riggs


11


asked 1 min ago",1,"1
vote"
NoMethodError: undefined method `create_database' for an instance of ActiveRecord::ConnectionAdapters::PostgreSQLAdapter (NoMethodError),"Juan Fernando Misas


15


asked 2 mins ago",0,"0
votes"
gRPC mutual auth of certs gets bad certificate on client side,"S. Yacko


672


asked 2 mins ago",0,"0
votes"
Uncaught runtime erros in axios get request in react app with express js backend,"devMe


353


asked 5 mins ago",-1,"-1
votes"
How can I get the process instance of an Electron webview?,"Guillermo Gutiérrez


17.8k


asked 6 mins ago",0,"0
votes"
Change color of Corner in Scrollbar,"TheIsNoW


13


asked 7 mins ago",0,"0
votes"
How to handle AngularJS 1.8.2 end-of-life vulnerability in my project?,"Kavita Patel


19


asked 8 mins ago",-1,"-1
votes"
Google Docs Viewer and Office Online Not Displaying Document on S3 Presigned URL in ngx-doc-viewer,"Heisenberg


29


asked 10 mins ago",0,"0
votes"
TypeError: Cannot read property 'EventEmitter' of undefined,"Slackware


990


asked 11 mins ago",0,"0
votes"
How to capture events from Zoho Billing from my Zoho Catalyst Application?,"Raghu


101


asked 13 mins ago",0,"0
votes"
Migrating java Spring Boot app to Keycloak 26.1 and I cannot instantiate a Keycloak Session for testing,"Maligetzian


25


asked 14 mins ago",0,"0
votes"
Prevent Overriding a nested dependency while using npm,"jony-jas


54


asked 15 mins ago",0,"0
votes"
Draggable plain WindowStyle in macOS with windowBackgroundDragBehavior,"bauerMusic


6,146


asked 16 mins ago",0,"0
votes"
usage of as_ref() on &Option<T> type,"Harry


2,913


asked 16 mins ago",0,"0
votes"
Override/supplement component prop types of default export from dependency module,"Drazen Bjelovuk


5,472


asked 20 mins ago",0,"0
votes"
How to set up one-to-many relationship in SQLAlchemy?,"user26482297


1


asked 21 mins ago",0,"0
votes"
Dynamically exclude a custom filter marked with @Component from the filter chain?,"Gavino


1


asked 24 mins ago",0,"0
votes"
Is there a way to configure proxy based on hostname in PoolingHttpClientConnectionManager httpclient5,"Akash tiwari


245


asked 24 mins ago",0,"0
votes"
SPOJ: Simple Arithmetics (ARITH) giving Wrong Answer,"safiuddin shaik


1


asked 25 mins ago",0,"0
votes"
no suitable HttpMessageConverter found for response type [class java.lang.reflect.Array] and content type [application/json],"Gitesh


1


asked 26 mins ago",0,"0
votes"
Unable to bind to Avalonia StyledProperty in F#,"Franco Tiveron


2,886


asked 30 mins ago",0,"0
votes"
How can I include postal codes in Google Places Autocomplete to differentiate similar addresses?,"Muathcs


272


asked 31 mins ago",0,"0
votes"
Using Pytorch Sequential for reinforcement model without gym,"Controller816


11


asked 32 mins ago",0,"0
votes"
Windows Installer Patch: Updating third field of Version,"Vivek


1,079


asked 34 mins ago",0,"0
votes"
I keep getting a error 24 for a IMGui overlay setup in OpenVR,"Meh Spencer


1


asked 35 mins ago",0,"0
votes"
Migration Failure - Zoho Catalyst Development to Production Environment,"Prabhu Raam Yogaraj


651


asked 39 mins ago",0,"0
votes"
using nextjs middlware getting this error (occurs on the first load but resolves after a refresh) Uncaught SyntaxError: Invalid or unexpected token,"Anandhu A


9


asked 40 mins ago",0,"0
votes"
Error importing handlebars: Error [ERR_REQUIRE_ESM]: require() of ES Module,"Muhammad Abdullah Shakoor


1


asked 41 mins ago",0,"0
votes"
Rust Tokio async UDP server with N clients,"whs31-


19


asked 44 mins ago",0,"0
votes"
better way to use rails activerecord query,"Amol Mohite


642


asked 44 mins ago",0,"0
votes"
Why can pywrapgraph from ortools.graph not be imported?,"Henry Fischer


1


asked 45 mins ago",0,"0
votes"
Haxe flixel html5 assets is requested with unique keys in query. How to avoid it?,"Сережа Белоус


1


asked 45 mins ago",0,"0
votes"
flutter_quill Errors After Installation and Following Documentation,"Julia


1


asked 47 mins ago",0,"0
votes"
Need guidance writing websocket client in C for stomp websocket server in java,"voidMainReturn


3,505


asked 47 mins ago",0,"0
votes"
How to delete an AWS Microsoft AD Directory Service after losing the linked EC2 instance?,"Avinash


1


asked 48 mins ago",-2,"-2
votes"
Safari - Audio Management for inactive tabs,"Bhavik Patel


1,074


asked 49 mins ago",0,"0
votes"
Razor rendering issue on Visual Studio 17.12,"m.t.bennett


1,320


asked 50 mins ago",1,"1
vote"
How can I set background color of text with LaTeXSwiftUI?,"Churro the Duck


141


asked 52 mins ago",0,"0
votes"
How to exchange selected value using toggle functionality?,"Firoz Khan


672


asked 53 mins ago",-1,"-1
votes"
System Tray Icon In WinUI3: Menu does not work,"Mahfuz


19


asked 53 mins ago",-1,"-1
votes"
wix msi validate: error WIX0204: ICE43 and error WIX0204: ICE57,"Luca Jan Montinaro


11


asked 54 mins ago",0,"0
votes"
min(value) does not update when transform filter is applied in layered chart,"user29263305


1


asked 54 mins ago",0,"0
votes"
How to fix the flickering of GET parameters in the address bar?,"Maksim


1


asked 55 mins ago",0,"0
votes"
Deepseek R1 model for text classification problem,"Sisir Das


39


asked 55 mins ago",-1,"-1
votes"
"Error processing job parameters: ""unable to find the type of initialization"" in Catalyst Job function","Mick B


3


asked 56 mins ago",0,"0
votes"
Vba code to print multiple a4 size label with barcode,"P ferns


1


asked 56 mins ago",0,"0
votes"
Page content not displayed after deployment on mobile,"Zeqirie


1


asked 56 mins ago",0,"0
votes"
Django + React: Can't get access to an endpoint,"Caution


1


asked 56 mins ago",0,"0
votes"
Firestore Rules Get Where?,"Steven Liu


1


asked 56 mins ago",0,"0
votes"
